"TERYT Powiatu";"Powiat";"Województwo";"Nr okręgu";"Liczba komisji";"Liczba uwzględnionych komisji";"Frekwencja";"Procent głosów nieważnych";"W tym z powodu postawienia znaku „X” obok nazwiska dwóch lub większej liczby kandydatów z różnych list";"W tym z powodu niepostawienia znaku „X” obok nazwiska żadnego kandydata";"W tym z powodu postawienia znaku „X” wyłącznie obok nazwiska kandydata na liście, której rejestracja została unieważniona";"Procent głosów ważnych oddanych łącznie na wszystkie listy kandydatów";"KOMITET WYBORCZY BEZPARTYJNI SAMORZĄDOWCY";"KOALICYJNY KOMITET WYBORCZY TRZECIA DROGA POLSKA 2050 SZYMONA HOŁOWNI - POLSKIE STRONNICTWO LUDOWE";"KOMITET WYBORCZY NOWA LEWICA";"KOMITET WYBORCZY PRAWO I SPRAWIEDLIWOŚĆ";"KOMITET WYBORCZY KONFEDERACJA WOLNOŚĆ I NIEPODLEGŁOŚĆ";"KOALICYJNY KOMITET WYBORCZY KOALICJA OBYWATELSKA PO .N IPL ZIELONI";"KOMITET WYBORCZY POLSKA JEST JEDNA";"KOMITET WYBORCZY WYBORCÓW RUCHU DOBROBYTU I POKOJU";"KOMITET WYBORCZY NORMALNY KRAJ";"KOMITET WYBORCZY ANTYPARTIA";"KOMITET WYBORCZY RUCH NAPRAWY POLSKI";"KOMITET WYBORCZY WYBORCÓW MNIEJSZOŚĆ NIEMIECKA"
20100;"bolesławiecki";"dolnośląskie";1;82;82;"70,05";"2,22";"56,45";"43,55";"0,00";"97,78";"4,18";"11,74";"9,12";"34,00";"7,53";"31,51";"1,92";;;;;
20200;"dzierżoniowski";"dolnośląskie";2;90;90;"68,75";"2,03";"64,54";"35,46";"0,00";"97,97";"1,74";"12,11";"7,61";"35,83";"7,18";"33,71";"1,81";;;;;
20300;"głogowski";"dolnośląskie";1;57;57;"73,62";"1,72";"58,26";"41,74";"0,00";"98,28";"2,06";"9,48";"8,84";"36,93";"6,12";"35,26";"1,31";;;;;
20400;"górowski";"dolnośląskie";3;29;29;"65,25";"2,66";"60,00";"40,00";"0,00";"97,34";"4,39";"12,62";"10,09";"40,26";"6,98";"24,16";"1,51";;;;;
20500;"jaworski";"dolnośląskie";1;47;47;"68,63";"2,03";"59,81";"40,19";"0,00";"97,97";"2,56";"11,12";"9,97";"40,33";"6,08";"28,84";"1,09";;;;;
20600;"karkonoski";"dolnośląskie";1;58;58;"72,12";"1,82";"56,32";"43,68";"0,00";"98,18";"2,39";"11,49";"9,83";"25,70";"5,54";"43,26";"1,78";;;;;
20700;"kamiennogórski";"dolnośląskie";1;41;41;"68,96";"2,38";"63,53";"36,47";"0,00";"97,62";"2,46";"10,33";"9,28";"34,09";"5,47";"36,81";"1,56";;;;;
20800;"kłodzki";"dolnośląskie";2;150;150;"68,01";"2,04";"65,99";"34,01";"0,00";"97,96";"2,09";"12,69";"7,06";"33,84";"5,50";"37,21";"1,61";;;;;
20900;"legnicki";"dolnośląskie";1;60;60;"71,82";"2,39";"59,13";"40,87";"0,00";"97,61";"3,13";"11,29";"7,45";"38,98";"7,50";"29,87";"1,77";;;;;
21000;"lubański";"dolnośląskie";1;44;44;"69,45";"2,19";"60,81";"39,19";"0,00";"97,81";"4,55";"11,92";"11,81";"32,54";"6,00";"31,87";"1,30";;;;;
21100;"lubiński";"dolnośląskie";1;92;92;"75,00";"1,75";"65,95";"34,05";"0,00";"98,25";"6,51";"9,76";"8,07";"38,80";"6,45";"29,03";"1,38";;;;;
21200;"lwówecki";"dolnośląskie";1;50;50;"66,48";"2,72";"57,38";"42,62";"0,00";"97,28";"2,89";"14,05";"10,42";"33,48";"5,65";"31,69";"1,81";;;;;
21300;"milicki";"dolnośląskie";3;36;36;"69,38";"2,02";"55,38";"44,62";"0,00";"97,98";"3,42";"15,42";"9,64";"38,14";"7,30";"24,49";"1,58";;;;;
21400;"oleśnicki";"dolnośląskie";3;79;79;"72,68";"2,02";"55,04";"44,96";"0,00";"97,98";"3,33";"15,41";"8,74";"31,96";"7,22";"31,51";"1,82";;;;;
21500;"oławski";"dolnośląskie";3;56;56;"75,32";"1,27";"52,36";"47,64";"0,00";"98,73";"3,52";"13,11";"8,04";"33,49";"7,54";"32,70";"1,60";;;;;
21600;"polkowicki";"dolnośląskie";1;52;52;"71,42";"2,18";"59,97";"40,03";"0,00";"97,82";"3,12";"12,38";"7,88";"43,90";"8,17";"23,00";"1,55";;;;;
21700;"strzeliński";"dolnośląskie";3;51;51;"71,28";"2,12";"62,50";"37,50";"0,00";"97,88";"3,86";"10,76";"6,51";"39,71";"6,75";"30,62";"1,78";;;;;
21800;"średzki";"dolnośląskie";3;57;57;"73,99";"1,94";"53,05";"46,95";"0,00";"98,06";"2,45";"14,02";"7,73";"34,47";"8,42";"31,61";"1,31";;;;;
21900;"świdnicki";"dolnośląskie";2;135;135;"72,08";"1,75";"68,05";"31,95";"0,00";"98,25";"1,64";"11,97";"9,49";"32,98";"6,83";"35,58";"1,51";;;;;
22000;"trzebnicki";"dolnośląskie";3;106;106;"74,94";"2,16";"61,46";"38,54";"0,00";"97,84";"6,42";"12,65";"7,95";"32,91";"6,92";"31,16";"1,99";;;;;
22100;"wałbrzyski";"dolnośląskie";2;52;52;"68,22";"2,12";"71,05";"28,95";"0,00";"97,88";"1,58";"12,35";"8,04";"29,95";"5,75";"40,50";"1,84";;;;;
22200;"wołowski";"dolnośląskie";3;39;39;"70,62";"2,25";"55,69";"44,31";"0,00";"97,75";"4,05";"12,12";"7,91";"37,53";"6,44";"30,03";"1,91";;;;;
22300;"wrocławski";"dolnośląskie";3;125;125;"81,79";"1,16";"53,19";"46,81";"0,00";"98,84";"2,65";"15,42";"8,92";"25,58";"7,66";"38,20";"1,58";;;;;
22400;"ząbkowicki";"dolnośląskie";2;85;85;"65,97";"2,19";"64,66";"35,34";"0,00";"97,81";"2,23";"13,57";"6,88";"40,20";"5,87";"29,90";"1,35";;;;;
22500;"zgorzelecki";"dolnośląskie";1;96;96;"70,19";"2,28";"58,64";"41,36";"0,00";"97,72";"3,21";"10,09";"10,20";"35,46";"6,32";"33,18";"1,54";;;;;
22600;"złotoryjski";"dolnośląskie";1;46;46;"67,76";"2,36";"63,21";"36,79";"0,00";"97,64";"2,33";"10,65";"10,85";"37,64";"5,97";"31,31";"1,25";;;;;
26100;"Jelenia Góra";"dolnośląskie";1;49;49;"74,29";"1,30";"49,56";"50,44";"0,00";"98,70";"2,29";"9,54";"11,58";"25,28";"5,14";"44,90";"1,26";;;;;
26200;"Legnica";"dolnośląskie";1;49;49;"72,83";"1,16";"52,81";"47,19";"0,00";"98,84";"2,75";"9,88";"9,37";"32,76";"6,14";"37,70";"1,41";;;;;
26400;"Wrocław";"dolnośląskie";3;316;316;"81,16";"0,70";"49,66";"50,34";"0,00";"99,30";"2,22";"13,50";"13,97";"21,64";"6,64";"40,81";"1,23";;;;;
26500;"Wałbrzych";"dolnośląskie";2;62;62;"69,34";"1,62";"56,79";"43,21";"0,00";"98,38";"1,49";"10,54";"7,99";"28,39";"4,68";"45,56";"1,35";;;;;
40100;"aleksandrowski";"kujawsko-pomorskie";5;66;66;"70,75";"2,77";"54,98";"35,61";"9,41";"97,23";"2,45";"13,11";"9,61";"39,72";"6,62";"27,13";"1,08";"0,28";;;;
40200;"brodnicki";"kujawsko-pomorskie";5;76;76;"68,83";"2,56";"59,24";"35,02";"5,74";"97,44";"1,01";"22,04";"6,37";"37,13";"6,39";"23,44";"3,22";"0,40";;;;
40300;"bydgoski";"kujawsko-pomorskie";4;117;117;"76,74";"1,69";"62,36";"37,64";"0,00";"98,31";"1,47";"17,21";"8,90";"25,81";"7,25";"37,87";"1,48";;;;;
40400;"chełmiński";"kujawsko-pomorskie";5;52;52;"66,91";"2,89";"54,95";"36,26";"8,79";"97,11";"1,56";"14,09";"8,10";"35,03";"6,73";"32,81";"1,28";"0,40";;;;
40500;"golubsko-dobrzyński";"kujawsko-pomorskie";5;41;41;"67,42";"2,54";"57,12";"33,85";"9,03";"97,46";"1,35";"17,81";"8,94";"42,03";"7,36";"20,66";"1,39";"0,47";;;;
40600;"grudziądzki";"kujawsko-pomorskie";5;57;57;"65,82";"2,88";"56,89";"35,51";"7,60";"97,12";"1,55";"18,45";"8,84";"40,50";"7,58";"21,41";"1,24";"0,41";;;;
40700;"inowrocławski";"kujawsko-pomorskie";4;161;161;"70,93";"2,34";"63,09";"36,91";"0,00";"97,66";"2,01";"14,73";"8,51";"32,89";"5,68";"34,91";"1,28";;;;;
40800;"lipnowski";"kujawsko-pomorskie";5;84;84;"64,05";"3,35";"59,12";"35,03";"5,85";"96,65";"1,42";"22,33";"8,58";"41,65";"6,57";"18,04";"0,86";"0,54";;;;
40900;"mogileński";"kujawsko-pomorskie";4;49;49;"69,00";"2,56";"66,39";"33,61";"0,00";"97,44";"2,32";"17,31";"10,67";"36,70";"6,46";"25,14";"1,41";;;;;
41000;"nakielski";"kujawsko-pomorskie";4;99;99;"69,48";"2,82";"60,53";"39,47";"0,00";"97,18";"2,09";"16,01";"10,17";"33,03";"7,04";"30,19";"1,48";;;;;
41100;"radziejowski";"kujawsko-pomorskie";5;56;56;"66,66";"2,65";"56,33";"36,15";"7,52";"97,35";"1,86";"15,55";"9,55";"49,32";"6,57";"15,92";"0,86";"0,36";;;;
41200;"rypiński";"kujawsko-pomorskie";5;59;59;"65,52";"2,45";"57,14";"35,05";"7,81";"97,55";"1,30";"17,98";"8,31";"42,37";"6,29";"21,97";"1,53";"0,25";;;;
41300;"sępoleński";"kujawsko-pomorskie";4;53;53;"66,12";"2,71";"61,96";"38,04";"0,00";"97,29";"2,16";"13,18";"8,78";"35,92";"6,43";"31,77";"1,76";;;;;
41400;"świecki";"kujawsko-pomorskie";4;113;113;"67,79";"2,70";"61,73";"38,27";"0,00";"97,30";"1,67";"15,12";"7,56";"35,02";"7,30";"31,90";"1,44";;;;;
41500;"toruński";"kujawsko-pomorskie";5;89;89;"73,20";"2,11";"55,23";"33,83";"10,94";"97,89";"1,32";"16,89";"10,18";"31,24";"7,32";"31,49";"1,15";"0,41";;;;
41600;"tucholski";"kujawsko-pomorskie";4;60;60;"69,73";"3,04";"60,26";"39,74";"0,00";"96,96";"2,02";"15,26";"7,46";"40,94";"7,95";"24,34";"2,05";;;;;
41700;"wąbrzeski";"kujawsko-pomorskie";5;34;34;"64,48";"2,82";"59,87";"31,49";"8,65";"97,18";"1,42";"24,55";"7,93";"35,23";"7,36";"22,04";"1,21";"0,26";;;;
41800;"włocławski";"kujawsko-pomorskie";5;100;100;"67,03";"3,38";"58,91";"34,02";"7,07";"96,62";"1,97";"14,68";"11,36";"43,15";"6,64";"20,83";"0,93";"0,44";;;;
41900;"żniński";"kujawsko-pomorskie";4;97;97;"70,52";"2,86";"63,16";"36,84";"0,00";"97,14";"1,87";"14,47";"7,88";"35,79";"6,69";"31,76";"1,54";;;;;
46100;"Bydgoszcz";"kujawsko-pomorskie";4;208;208;"77,54";"1,03";"55,45";"44,55";"0,00";"98,97";"1,28";"14,19";"12,17";"25,71";"5,81";"39,40";"1,44";;;;;
46200;"Grudziądz";"kujawsko-pomorskie";5;55;55;"71,44";"1,65";"42,93";"43,73";"13,34";"98,35";"1,07";"14,03";"12,18";"28,62";"5,79";"36,48";"1,23";"0,61";;;;
46300;"Toruń";"kujawsko-pomorskie";5;123;123;"77,94";"1,05";"47,79";"41,77";"10,44";"98,95";"1,10";"13,35";"13,96";"25,18";"5,90";"39,09";"1,11";"0,32";;;;
46400;"Włocławek";"kujawsko-pomorskie";5;68;68;"71,58";"1,79";"51,19";"38,22";"10,59";"98,21";"1,79";"10,18";"17,64";"28,28";"5,00";"35,69";"0,78";"0,64";;;;
60100;"bialski";"lubelskie";7;132;132;"68,97";"2,31";"61,24";"38,76";"0,00";"97,69";"2,19";"13,25";"6,07";"50,80";"8,15";"15,36";"3,64";"0,55";;;;
60200;"biłgorajski";"lubelskie";7;111;111;"67,67";"1,63";"62,69";"37,31";"0,00";"98,37";"1,36";"16,35";"3,13";"55,92";"7,98";"11,72";"3,07";"0,48";;;;
60300;"chełmski";"lubelskie";7;107;107;"62,49";"2,96";"64,86";"35,14";"0,00";"97,04";"1,95";"10,44";"4,64";"52,87";"8,83";"17,87";"2,89";"0,50";;;;
60400;"hrubieszowski";"lubelskie";7;85;85;"62,31";"2,13";"60,83";"39,17";"0,00";"97,87";"1,98";"12,46";"5,38";"53,58";"7,63";"16,01";"2,65";"0,31";;;;
60500;"janowski";"lubelskie";6;45;45;"72,45";"1,50";"49,47";"42,02";"8,51";"98,50";"0,86";"8,76";"3,37";"67,69";"8,23";"8,37";"2,41";"0,31";;;;
60600;"krasnostawski";"lubelskie";7;101;101;"65,11";"2,46";"62,23";"37,77";"0,00";"97,54";"2,20";"10,01";"10,40";"49,80";"7,78";"17,07";"2,33";"0,41";;;;
60700;"kraśnicki";"lubelskie";6;95;95;"67,69";"2,13";"52,00";"41,66";"6,34";"97,87";"1,18";"14,74";"5,88";"55,40";"7,27";"12,92";"2,39";"0,24";;;;
60800;"lubartowski";"lubelskie";6;98;98;"70,87";"2,35";"48,75";"42,11";"9,14";"97,65";"1,82";"15,13";"4,81";"51,47";"9,64";"13,64";"2,96";"0,52";;;;
60900;"lubelski";"lubelskie";6;144;144;"74,21";"1,55";"48,54";"38,51";"12,95";"98,45";"1,76";"17,72";"5,07";"46,21";"9,73";"16,71";"2,47";"0,33";;;;
61000;"łęczyński";"lubelskie";6;64;64;"70,90";"2,25";"57,71";"34,21";"8,08";"97,75";"1,69";"11,25";"4,31";"49,37";"9,83";"20,35";"2,49";"0,70";;;;
61100;"łukowski";"lubelskie";6;133;133;"73,02";"2,38";"51,90";"36,42";"11,68";"97,62";"2,40";"12,71";"3,46";"55,01";"9,28";"12,99";"3,80";"0,34";;;;
61200;"opolski";"lubelskie";6;71;71;"66,35";"2,48";"49,93";"38,22";"11,84";"97,52";"1,33";"15,05";"4,36";"55,05";"7,89";"14,34";"1,67";"0,30";;;;
61300;"parczewski";"lubelskie";7;46;46;"68,50";"2,33";"66,75";"33,25";"0,00";"97,67";"2,09";"16,21";"5,33";"50,17";"7,95";"14,33";"3,33";"0,60";;;;
61400;"puławski";"lubelskie";6;109;109;"73,50";"1,86";"47,18";"40,45";"12,38";"98,14";"1,69";"15,12";"5,80";"44,52";"8,12";"22,48";"1,88";"0,40";;;;
61500;"radzyński";"lubelskie";7;77;77;"69,86";"2,35";"66,34";"33,66";"0,00";"97,65";"3,02";"16,00";"4,24";"54,17";"8,03";"11,06";"3,04";"0,44";;;;
61600;"rycki";"lubelskie";6;78;78;"74,01";"2,00";"48,96";"42,54";"8,51";"98,00";"1,46";"17,08";"5,28";"51,19";"7,44";"15,47";"1,70";"0,38";;;;
61700;"świdnicki";"lubelskie";6;61;61;"72,11";"1,43";"48,04";"40,54";"11,43";"98,57";"1,49";"17,56";"5,60";"45,76";"8,10";"19,27";"1,90";"0,32";;;;
61800;"tomaszowski";"lubelskie";7;112;112;"64,72";"1,98";"64,39";"35,61";"0,00";"98,02";"2,62";"11,94";"4,30";"56,15";"7,88";"14,34";"2,38";"0,39";;;;
61900;"włodawski";"lubelskie";7;52;52;"67,18";"2,65";"64,88";"35,12";"0,00";"97,35";"1,71";"16,14";"6,89";"45,56";"7,16";"19,91";"2,17";"0,46";;;;
62000;"zamojski";"lubelskie";7;149;149;"67,19";"2,12";"62,36";"37,64";"0,00";"97,88";"2,65";"11,88";"4,34";"56,91";"8,09";"12,52";"2,96";"0,65";;;;
66100;"Biała Podlaska";"lubelskie";7;29;29;"73,88";"1,32";"65,86";"34,14";"0,00";"98,68";"1,66";"11,38";"6,48";"40,86";"7,30";"28,77";"3,08";"0,46";;;;
66200;"Chełm";"lubelskie";7;36;36;"68,92";"1,45";"61,32";"38,68";"0,00";"98,55";"1,71";"10,71";"7,49";"39,40";"6,72";"31,39";"2,17";"0,41";;;;
66300;"Lublin";"lubelskie";6;211;211;"75,79";"0,97";"42,53";"44,64";"12,82";"99,03";"1,47";"17,84";"7,64";"32,98";"7,62";"30,21";"1,96";"0,28";;;;
66400;"Zamość";"lubelskie";7;35;35;"70,20";"1,21";"56,15";"43,85";"0,00";"98,79";"1,67";"14,54";"7,38";"42,07";"6,82";"24,84";"2,27";"0,41";;;;
80100;"gorzowski";"lubuskie";8;69;69;"72,52";"2,40";"58,49";"33,01";"8,49";"97,60";"2,32";"14,85";"9,94";"26,58";"7,73";"37,30";"1,08";;;"0,20";;
80200;"krośnieński";"lubuskie";8;63;63;"68,59";"2,91";"60,81";"32,31";"6,88";"97,09";"2,19";"14,22";"6,79";"27,09";"5,84";"42,83";"0,82";;;"0,21";;
80300;"międzyrzecki";"lubuskie";8;65;65;"69,17";"3,08";"66,45";"27,32";"6,23";"96,92";"2,92";"17,56";"9,11";"28,92";"6,77";"33,57";"0,90";;;"0,24";;
80400;"nowosolski";"lubuskie";8;65;65;"69,88";"2,33";"55,53";"35,55";"8,91";"97,67";"2,20";"14,59";"7,67";"31,41";"6,28";"36,28";"1,33";;;"0,23";;
80500;"słubicki";"lubuskie";8;38;38;"70,41";"2,77";"63,05";"28,39";"8,56";"97,23";"2,17";"13,94";"13,11";"25,34";"6,81";"37,47";"1,01";;;"0,17";;
80600;"strzelecko-drezdenecki";"lubuskie";8;52;52;"66,95";"3,15";"64,14";"26,83";"9,03";"96,85";"1,80";"20,15";"7,71";"32,06";"5,67";"31,05";"1,38";;;"0,17";;
80700;"sulęciński";"lubuskie";8;49;49;"68,05";"4,17";"59,86";"23,67";"16,46";"95,83";"4,48";"13,45";"6,90";"33,07";"6,87";"34,00";"0,99";;;"0,25";;
80800;"świebodziński";"lubuskie";8;58;58;"70,85";"2,63";"60,08";"29,00";"10,92";"97,37";"2,51";"16,07";"7,93";"29,12";"6,99";"35,98";"1,19";;;"0,21";;
80900;"zielonogórski";"lubuskie";8;75;75;"71,57";"2,90";"58,14";"35,17";"6,69";"97,10";"3,04";"15,58";"8,70";"25,97";"7,06";"38,32";"1,11";;;"0,21";;
81000;"żagański";"lubuskie";8;77;77;"67,35";"2,68";"54,89";"34,25";"10,86";"97,32";"2,28";"15,20";"8,23";"32,97";"6,30";"33,71";"1,08";;;"0,24";;
81100;"żarski";"lubuskie";8;83;83;"68,60";"2,43";"58,16";"34,19";"7,65";"97,57";"2,01";"13,89";"9,33";"29,09";"7,03";"37,45";"0,94";;;"0,26";;
81200;"wschowski";"lubuskie";8;44;44;"67,60";"2,84";"63,82";"29,82";"6,36";"97,16";"1,88";"16,15";"7,06";"38,42";"6,58";"28,22";"1,45";;;"0,23";;
86100;"Gorzów Wielkopolski";"lubuskie";8;68;68;"74,33";"1,50";"55,85";"33,61";"10,54";"98,50";"2,06";"14,65";"9,57";"25,82";"6,43";"39,78";"1,34";;;"0,35";;
86200;"Zielona Góra";"lubuskie";8;77;77;"79,09";"1,10";"47,46";"39,05";"13,50";"98,90";"1,99";"14,15";"11,91";"20,87";"5,69";"44,21";"1,05";;;"0,13";;
100100;"bełchatowski";"łódzkie";10;79;79;"75,87";"2,20";"54,77";"33,14";"12,09";"97,80";"4,20";"11,30";"6,99";"46,47";"10,43";"18,44";"1,57";"0,59";;;;
100200;"kutnowski";"łódzkie";11;86;86;"70,76";"2,47";"53,34";"39,73";"6,92";"97,53";"1,85";"10,82";"9,29";"44,88";"5,72";"26,00";"1,06";"0,37";;;;
100300;"łaski";"łódzkie";11;60;60;"75,34";"2,14";"50,00";"39,30";"10,70";"97,86";"1,38";"15,26";"7,30";"41,82";"6,75";"25,72";"1,33";"0,43";;;;
100400;"łęczycki";"łódzkie";11;53;53;"70,07";"3,00";"50,12";"40,93";"8,95";"97,00";"1,81";"12,21";"5,76";"49,40";"7,11";"21,80";"1,34";"0,57";;;;
100500;"łowicki";"łódzkie";11;81;81;"74,05";"2,64";"45,03";"47,07";"7,90";"97,36";"1,70";"16,69";"6,39";"46,56";"9,63";"17,36";"1,35";"0,32";;;;
100600;"łódzki wschodni";"łódzkie";9;87;87;"80,19";"1,13";"57,41";"42,59";"0,00";"98,87";"1,43";"13,30";"8,70";"36,18";"7,14";"31,54";"1,71";;;;;
100700;"opoczyński";"łódzkie";10;92;92;"75,64";"1,99";"54,71";"33,99";"11,29";"98,01";"1,43";"14,78";"4,43";"57,68";"7,55";"12,65";"1,14";"0,35";;;;
100800;"pabianicki";"łódzkie";11;72;72;"78,23";"1,65";"48,85";"39,36";"11,79";"98,35";"1,51";"12,73";"11,04";"31,48";"6,30";"34,94";"1,33";"0,68";;;;
100900;"pajęczański";"łódzkie";11;44;44;"73,32";"2,52";"52,75";"38,71";"8,54";"97,48";"1,35";"16,39";"5,97";"53,10";"6,50";"15,04";"1,14";"0,51";;;;
101000;"piotrkowski";"łódzkie";10;93;93;"74,33";"2,17";"55,83";"34,62";"9,55";"97,83";"1,64";"16,00";"5,04";"52,90";"7,73";"14,89";"1,39";"0,40";;;;
101100;"poddębicki";"łódzkie";11;55;55;"72,60";"2,97";"52,63";"39,83";"7,54";"97,03";"1,70";"20,10";"5,97";"46,69";"5,94";"17,30";"1,91";"0,38";;;;
101200;"radomszczański";"łódzkie";10;107;107;"72,07";"2,29";"55,47";"33,52";"11,01";"97,71";"2,39";"10,42";"6,19";"46,84";"6,22";"26,09";"1,21";"0,64";;;;
101300;"rawski";"łódzkie";10;38;38;"72,54";"2,71";"51,09";"40,71";"8,20";"97,29";"1,60";"17,88";"4,90";"48,99";"8,68";"16,10";"1,57";"0,29";;;;
101400;"sieradzki";"łódzkie";11;101;101;"73,16";"2,33";"55,92";"36,17";"7,91";"97,67";"1,94";"14,60";"6,19";"45,77";"6,96";"22,27";"1,94";"0,34";;;;
101500;"skierniewicki";"łódzkie";10;42;42;"77,36";"2,51";"50,52";"39,79";"9,69";"97,49";"1,97";"15,65";"6,41";"52,97";"8,54";"12,01";"2,07";"0,38";;;;
101600;"tomaszowski";"łódzkie";10;91;91;"75,92";"2,14";"54,41";"37,91";"7,68";"97,86";"1,78";"14,32";"6,24";"43,45";"6,81";"25,85";"1,20";"0,35";;;;
101700;"wieluński";"łódzkie";11;88;88;"73,72";"2,02";"52,89";"38,68";"8,43";"97,98";"1,39";"15,69";"6,22";"46,17";"6,34";"22,34";"1,51";"0,33";;;;
101800;"wieruszowski";"łódzkie";11;45;45;"72,17";"2,34";"47,30";"44,96";"7,73";"97,66";"1,50";"17,01";"6,92";"42,17";"8,37";"19,15";"2,19";"2,70";;;;
101900;"zduńskowolski";"łódzkie";11;43;43;"74,37";"1,85";"49,85";"41,45";"8,70";"98,15";"1,38";"16,23";"5,50";"39,81";"6,25";"28,85";"1,65";"0,33";;;;
102000;"zgierski";"łódzkie";11;135;135;"77,85";"1,74";"45,00";"43,28";"11,72";"98,26";"1,65";"13,43";"9,36";"33,40";"6,74";"33,80";"1,25";"0,37";;;;
102100;"brzeziński";"łódzkie";9;45;45;"75,61";"1,83";"56,93";"43,07";"0,00";"98,17";"1,77";"14,16";"7,65";"44,91";"7,29";"22,77";"1,45";;;;;
106100;"Łódź";"łódzkie";9;322;322;"79,28";"0,84";"50,90";"49,10";"0,00";"99,16";"1,18";"11,62";"12,83";"24,90";"5,31";"43,02";"1,13";;;;;
106200;"Piotrków Trybunalski";"łódzkie";10;41;41;"75,09";"1,39";"56,91";"32,85";"10,23";"98,61";"1,43";"12,32";"8,27";"35,80";"6,01";"34,73";"1,19";"0,25";;;;
106300;"Skierniewice";"łódzkie";10;27;27;"79,04";"1,22";"38,24";"45,88";"15,88";"98,78";"1,84";"15,71";"9,95";"33,09";"6,70";"30,82";"1,56";"0,33";;;;
120100;"bocheński";"małopolskie";15;85;85;"75,61";"1,52";"60,26";"39,74";"0,00";"98,48";"1,17";"18,82";"3,39";"51,98";"8,07";"14,24";"2,33";;;;;
120200;"brzeski";"małopolskie";15;75;75;"69,88";"1,82";"60,13";"39,87";"0,00";"98,18";"1,30";"16,71";"3,47";"52,54";"9,26";"13,88";"2,83";;;;;
120300;"chrzanowski";"małopolskie";12;92;92;"75,01";"1,38";"63,07";"36,93";"0,00";"98,62";"1,63";"14,60";"8,49";"35,70";"6,73";"31,52";"1,32";;;;;
120400;"dąbrowski";"małopolskie";15;63;63;"62,88";"2,02";"57,09";"42,91";"0,00";"97,98";"1,39";"15,29";"2,52";"62,23";"7,14";"9,85";"1,58";;;;;
120500;"gorlicki";"małopolskie";14;99;99;"68,99";"1,75";"62,41";"37,59";"0,00";"98,25";"2,10";"14,49";"3,84";"51,83";"8,02";"16,62";"3,10";;;;;
120600;"krakowski";"małopolskie";13;251;251;"78,31";"1,61";"45,28";"41,77";"12,95";"98,39";"1,50";"16,46";"6,54";"39,65";"8,55";"25,51";"1,79";;;;;
120700;"limanowski";"małopolskie";14;114;114;"73,10";"1,72";"59,90";"40,10";"0,00";"98,28";"2,12";"13,68";"2,50";"59,93";"8,60";"9,30";"3,87";;;;;
120800;"miechowski";"małopolskie";13;89;89;"69,93";"2,12";"45,10";"46,70";"8,20";"97,88";"1,58";"14,94";"5,91";"52,80";"7,62";"14,74";"2,41";;;;;
120900;"myślenicki";"małopolskie";12;97;97;"76,50";"1,59";"61,82";"38,18";"0,00";"98,41";"1,46";"16,68";"3,72";"49,35";"9,49";"16,83";"2,47";;;;;
121000;"nowosądecki";"małopolskie";14;192;192;"74,34";"1,61";"57,19";"42,81";"0,00";"98,39";"2,89";"9,77";"2,66";"59,08";"9,23";"12,21";"4,15";;;;;
121100;"nowotarski";"małopolskie";14;155;155;"66,06";"2,00";"60,79";"39,21";"0,00";"98,00";"2,69";"10,55";"3,13";"52,57";"9,22";"16,99";"4,86";;;;;
121200;"olkuski";"małopolskie";13;101;101;"75,25";"1,71";"48,89";"38,08";"13,03";"98,29";"2,39";"14,49";"9,99";"41,79";"7,10";"22,72";"1,52";;;;;
121300;"oświęcimski";"małopolskie";12;107;107;"76,48";"1,34";"56,72";"43,28";"0,00";"98,66";"2,24";"14,01";"8,09";"38,51";"6,86";"28,47";"1,81";;;;;
121400;"proszowicki";"małopolskie";15;82;82;"69,65";"2,41";"61,84";"38,16";"0,00";"97,59";"1,17";"20,19";"4,01";"53,37";"8,32";"11,34";"1,60";;;;;
121500;"suski";"małopolskie";12;62;62;"71,69";"1,83";"60,62";"39,38";"0,00";"98,17";"1,47";"13,03";"4,21";"50,64";"9,11";"19,22";"2,32";;;;;
121600;"tarnowski";"małopolskie";15;192;192;"69,76";"1,72";"59,31";"40,69";"0,00";"98,28";"1,62";"16,35";"3,18";"56,05";"8,13";"12,09";"2,59";;;;;
121700;"tatrzański";"małopolskie";14;54;54;"71,35";"1,44";"59,53";"40,47";"0,00";"98,56";"2,59";"11,88";"3,95";"44,57";"7,92";"23,78";"5,31";;;;;
121800;"wadowicki";"małopolskie";12;116;116;"74,92";"1,68";"60,57";"39,43";"0,00";"98,32";"1,86";"15,74";"5,00";"43,33";"7,83";"23,19";"3,05";;;;;
121900;"wielicki";"małopolskie";15;108;108;"78,91";"1,21";"52,59";"47,41";"0,00";"98,79";"1,44";"21,89";"5,34";"36,81";"8,26";"24,12";"2,14";;;;;
126100;"Kraków";"małopolskie";13;454;454;"81,95";"0,93";"43,85";"42,24";"13,91";"99,07";"1,40";"17,39";"12,98";"25,07";"7,51";"34,35";"1,30";;;;;
126200;"Nowy Sącz";"małopolskie";14;53;53;"75,54";"0,96";"54,42";"45,58";"0,00";"99,04";"1,99";"11,43";"4,22";"42,97";"8,17";"27,57";"3,66";;;;;
126300;"Tarnów";"małopolskie";15;74;74;"72,39";"1,00";"56,08";"43,92";"0,00";"99,00";"1,23";"20,64";"5,41";"36,89";"6,48";"27,20";"2,15";;;;;
140100;"białobrzeski";"mazowieckie";17;38;38;"75,69";"2,46";"63,37";"36,63";"0,00";"97,54";"1,44";"12,92";"4,28";"56,99";"7,37";"15,43";"1,18";"0,40";;;;
140200;"ciechanowski";"mazowieckie";16;70;70;"72,31";"1,92";"60,45";"39,55";"0,00";"98,08";"1,73";"14,81";"6,50";"46,80";"6,76";"21,90";"1,50";;;;;
140300;"garwoliński";"mazowieckie";18;142;142;"77,68";"2,26";"56,09";"36,20";"7,71";"97,74";"1,78";"14,46";"3,88";"55,30";"8,13";"13,86";"2,29";;"0,16";;"0,14";
140400;"gostyniński";"mazowieckie";16;51;51;"70,47";"2,47";"60,17";"39,83";"0,00";"97,53";"2,13";"13,86";"5,07";"48,41";"6,24";"23,09";"1,21";;;;;
140500;"grodziski";"mazowieckie";20;54;54;"82,36";"1,05";"51,67";"48,33";"0,00";"98,95";"2,23";"16,61";"6,99";"28,95";"7,28";"36,28";"1,65";;;;;
140600;"grójecki";"mazowieckie";17;93;93;"77,12";"1,70";"54,75";"45,25";"0,00";"98,30";"1,45";"21,02";"6,68";"40,23";"7,24";"21,20";"1,39";"0,78";;;;
140700;"kozienicki";"mazowieckie";17;67;67;"73,99";"1,98";"63,85";"36,15";"0,00";"98,02";"1,53";"13,92";"4,94";"50,94";"7,06";"19,51";"1,58";"0,51";;;;
140800;"legionowski";"mazowieckie";20;72;72;"83,25";"0,89";"54,67";"45,33";"0,00";"99,11";"2,26";"14,47";"7,23";"28,84";"6,48";"39,39";"1,33";;;;;
140900;"lipski";"mazowieckie";17;45;45;"67,05";"2,36";"54,96";"45,04";"0,00";"97,64";"2,48";"13,59";"5,52";"56,40";"6,93";"13,29";"1,48";"0,32";;;;
141000;"łosicki";"mazowieckie";18;47;47;"70,97";"2,34";"56,85";"35,40";"7,75";"97,66";"1,29";"15,93";"4,60";"56,73";"9,11";"9,87";"2,08";;"0,26";;"0,13";
141100;"makowski";"mazowieckie";18;55;55;"70,79";"3,17";"57,12";"36,34";"6,54";"96,83";"2,81";"18,85";"4,04";"51,31";"7,35";"14,20";"1,12";;"0,16";;"0,16";
141200;"miński";"mazowieckie";18;122;122;"79,68";"1,60";"46,55";"42,09";"11,37";"98,40";"2,03";"15,14";"6,00";"38,23";"7,61";"28,89";"1,77";;"0,16";;"0,17";
141300;"mławski";"mazowieckie";16;65;65;"69,43";"2,23";"67,94";"32,06";"0,00";"97,77";"1,38";"16,57";"5,61";"47,60";"7,35";"20,26";"1,23";;;;;
141400;"nowodworski";"mazowieckie";20;54;54;"75,95";"1,69";"57,85";"42,15";"0,00";"98,31";"2,32";"14,39";"7,12";"37,20";"6,74";"30,84";"1,38";;;;;
141500;"ostrołęcki";"mazowieckie";18;116;116;"68,77";"3,00";"52,07";"36,89";"11,04";"97,00";"2,07";"13,90";"4,54";"54,20";"9,62";"13,17";"2,15";;"0,20";;"0,15";
141600;"ostrowski";"mazowieckie";18;92;92;"71,94";"2,28";"50,56";"38,78";"10,67";"97,72";"1,46";"15,27";"4,91";"53,56";"7,52";"15,29";"1,64";;"0,18";;"0,17";
141700;"otwocki";"mazowieckie";20;106;106;"82,42";"1,27";"52,86";"47,14";"0,00";"98,73";"2,52";"15,34";"6,10";"37,57";"7,32";"29,35";"1,80";;;;;
141800;"piaseczyński";"mazowieckie";20;124;124;"83,63";"1,01";"49,28";"50,72";"0,00";"98,99";"1,87";"15,30";"7,66";"26,72";"6,72";"40,23";"1,50";;;;;
141900;"płocki";"mazowieckie";16;136;136;"70,48";"2,50";"60,85";"39,15";"0,00";"97,50";"2,52";"20,83";"5,14";"47,89";"6,67";"15,83";"1,12";;;;;
142000;"płoński";"mazowieckie";16;82;82;"68,57";"2,63";"58,29";"41,71";"0,00";"97,37";"2,35";"15,56";"5,70";"47,10";"6,66";"20,99";"1,64";;;;;
142100;"pruszkowski";"mazowieckie";20;92;92;"84,40";"0,87";"42,93";"57,07";"0,00";"99,13";"1,97";"16,24";"7,36";"27,90";"6,47";"38,66";"1,41";;;;;
142200;"przasnyski";"mazowieckie";16;63;63;"68,71";"2,33";"58,62";"41,38";"0,00";"97,67";"1,69";"13,70";"4,85";"52,19";"7,31";"18,50";"1,75";;;;;
142300;"przysuski";"mazowieckie";17;66;66;"76,42";"2,15";"52,47";"47,53";"0,00";"97,85";"1,24";"12,98";"3,50";"64,13";"6,89";"9,86";"1,18";"0,22";;;;
142400;"pułtuski";"mazowieckie";18;56;56;"73,15";"2,99";"52,87";"40,25";"6,88";"97,01";"1,27";"20,11";"5,69";"46,04";"7,56";"17,61";"1,36";;"0,18";;"0,19";
142500;"radomski";"mazowieckie";17;135;135;"73,14";"1,87";"64,28";"35,72";"0,00";"98,13";"2,09";"11,88";"4,35";"55,17";"8,05";"16,30";"1,69";"0,47";;;;
142600;"siedlecki";"mazowieckie";18;94;94;"74,55";"2,16";"51,14";"39,92";"8,94";"97,84";"2,12";"13,01";"3,55";"57,92";"9,76";"10,90";"2,31";;"0,29";;"0,14";
142700;"sierpecki";"mazowieckie";16;53;53;"67,74";"2,36";"60,84";"39,16";"0,00";"97,64";"1,85";"19,15";"5,54";"50,01";"6,74";"15,48";"1,24";;;;;
142800;"sochaczewski";"mazowieckie";16;67;67;"75,83";"1,45";"58,15";"41,85";"0,00";"98,55";"2,40";"19,80";"5,83";"40,86";"6,81";"22,89";"1,42";;;;;
142900;"sokołowski";"mazowieckie";18;55;55;"74,49";"2,04";"48,64";"38,40";"12,96";"97,96";"1,41";"16,80";"3,46";"53,61";"8,29";"14,17";"1,82";;"0,28";;"0,16";
143000;"szydłowiecki";"mazowieckie";17;36;36;"69,92";"2,43";"65,88";"34,12";"0,00";"97,57";"1,79";"10,29";"4,00";"56,27";"8,41";"17,41";"1,60";"0,25";;;;
143200;"warszawski zachodni";"mazowieckie";20;69;69;"83,76";"0,91";"50,14";"49,86";"0,00";"99,09";"2,03";"14,32";"7,11";"29,21";"6,89";"38,86";"1,59";;;;;
143300;"węgrowski";"mazowieckie";18;72;72;"73,96";"2,24";"54,57";"35,11";"10,32";"97,76";"1,62";"14,01";"4,26";"53,64";"7,82";"16,74";"1,58";;"0,15";;"0,18";
143400;"wołomiński";"mazowieckie";20;167;167;"80,86";"1,17";"51,29";"48,71";"0,00";"98,83";"2,78";"14,18";"6,75";"37,70";"7,99";"28,77";"1,83";;;;;
143500;"wyszkowski";"mazowieckie";18;65;65;"75,21";"2,39";"52,72";"36,96";"10,32";"97,61";"1,83";"19,95";"4,61";"45,68";"8,14";"17,94";"1,50";;"0,22";;"0,14";
143600;"zwoleński";"mazowieckie";17;43;43;"68,81";"2,09";"65,91";"34,09";"0,00";"97,91";"1,87";"14,76";"5,27";"55,35";"7,49";"12,24";"2,51";"0,51";;;;
143700;"żuromiński";"mazowieckie";16;36;36;"68,30";"2,36";"67,67";"32,33";"0,00";"97,64";"1,12";"18,86";"11,58";"48,46";"5,40";"13,21";"1,36";;;;;
143800;"żyrardowski";"mazowieckie";16;64;64;"77,92";"1,33";"57,33";"42,67";"0,00";"98,67";"2,55";"14,66";"9,04";"35,77";"6,76";"29,55";"1,68";;;;;
146100;"Ostrołęka";"mazowieckie";18;29;29;"73,02";"1,69";"41,56";"35,71";"22,73";"98,31";"1,58";"15,23";"6,94";"40,82";"7,62";"25,44";"2,10";;"0,16";;"0,12";
146200;"Płock";"mazowieckie";16;70;70;"75,50";"1,14";"62,57";"37,43";"0,00";"98,86";"1,75";"17,46";"7,68";"34,60";"5,31";"32,26";"0,94";;;;;
146300;"Radom";"mazowieckie";17;115;115;"76,62";"0,96";"55,10";"44,90";"0,00";"99,04";"1,60";"12,75";"6,24";"39,53";"6,79";"31,12";"1,44";"0,53";;;;
146400;"Siedlce";"mazowieckie";18;43;43;"77,93";"1,23";"52,82";"35,88";"11,29";"98,77";"2,28";"13,65";"5,64";"39,77";"8,51";"27,43";"2,44";;"0,17";;"0,10";
146501;"Warszawa";"mazowieckie";19;805;805;"84,92";"0,66";"46,63";"53,37";"0,00";"99,34";"1,49";"13,78";"12,94";"22,07";"6,38";"42,26";"1,08";;;;;
;"statki";;19;8;8;"94,88";"1,54";"100,00";"0,00";"0,00";"98,46";"3,39";"14,62";"11,23";"15,14";"16,45";"37,60";"1,57";;;;;
;"zagranica";;19;416;416;"90,34";"0,92";"47,11";"52,89";"0,00";"99,08";"1,11";"12,18";"14,49";"16,26";"8,97";"45,19";"1,80";;;;;
160100;"brzeski";"opolskie";21;104;104;"70,15";"1,90";"55,91";"44,09";"0,00";"98,10";"1,61";"11,42";"7,42";"37,44";"7,46";"32,81";"1,60";;;;;"0,24"
160200;"głubczycki";"opolskie";21;64;64;"65,86";"2,39";"58,83";"41,17";"0,00";"97,61";"1,90";"8,81";"5,30";"45,24";"6,16";"30,42";"1,73";;;;;"0,44"
160300;"kędzierzyńsko-kozielski";"opolskie";21;73;73;"65,22";"2,32";"66,63";"33,37";"0,00";"97,68";"1,72";"11,13";"7,25";"27,10";"5,85";"38,56";"1,79";;;;;"6,60"
160400;"kluczborski";"opolskie";21;70;70;"64,29";"2,17";"61,42";"38,58";"0,00";"97,83";"1,07";"17,54";"6,09";"33,99";"6,55";"29,81";"1,55";;;;;"3,40"
160500;"krapkowicki";"opolskie";21;57;57;"60,97";"2,87";"75,30";"24,70";"0,00";"97,13";"2,10";"14,67";"6,43";"23,70";"6,31";"31,38";"1,85";;;;;"13,56"
160600;"namysłowski";"opolskie";21;71;71;"70,07";"2,42";"65,76";"34,24";"0,00";"97,58";"1,54";"17,76";"7,77";"36,89";"7,30";"26,87";"1,44";;;;;"0,43"
160700;"nyski";"opolskie";21;142;142;"66,79";"1,90";"59,21";"40,79";"0,00";"98,10";"1,37";"11,31";"6,43";"41,29";"6,90";"30,90";"1,35";;;;;"0,44"
160800;"oleski";"opolskie";21;69;69;"62,79";"2,58";"61,51";"38,49";"0,00";"97,42";"1,88";"14,50";"6,65";"33,29";"6,08";"26,44";"2,19";;;;;"8,95"
160900;"opolski";"opolskie";21;132;132;"63,26";"2,59";"68,95";"31,05";"0,00";"97,41";"1,47";"13,39";"7,04";"24,75";"6,42";"33,40";"1,97";;;;;"11,57"
161000;"prudnicki";"opolskie";21;73;73;"63,31";"2,40";"68,23";"31,77";"0,00";"97,60";"1,70";"10,84";"6,16";"37,27";"7,22";"26,87";"1,92";;;;;"8,02"
161100;"strzelecki";"opolskie";21;81;81;"61,19";"3,31";"68,99";"31,01";"0,00";"96,69";"1,73";"12,88";"5,87";"26,06";"6,16";"31,87";"2,62";;;;;"12,81"
166100;"Opole";"opolskie";21;85;85;"77,38";"0,98";"56,28";"43,72";"0,00";"99,02";"1,37";"12,09";"10,45";"21,44";"5,91";"45,07";"1,42";;;;;"2,25"
180100;"bieszczadzki";"podkarpackie";22;37;37;"65,13";"2,10";"69,75";"30,25";"0,00";"97,90";"1,59";"29,77";"4,17";"37,69";"9,20";"17,15";;"0,43";;;;
180200;"brzozowski";"podkarpackie";22;59;59;"67,09";"1,72";"64,46";"35,54";"0,00";"98,28";"1,57";"12,41";"3,08";"65,68";"8,49";"8,39";;"0,36";;;;
180300;"dębicki";"podkarpackie";23;117;117;"71,06";"1,49";"56,65";"43,35";"0,00";"98,51";"1,21";"11,47";"3,83";"55,64";"8,92";"16,21";"2,72";;;;;
180400;"jarosławski";"podkarpackie";22;120;120;"68,23";"1,79";"58,30";"41,70";"0,00";"98,21";"2,62";"11,64";"3,90";"58,53";"8,66";"14,19";;"0,47";;;;
180500;"jasielski";"podkarpackie";22;128;128;"68,35";"1,85";"60,71";"39,29";"0,00";"98,15";"2,03";"11,85";"3,95";"58,96";"8,84";"13,89";;"0,49";;;;
180600;"kolbuszowski";"podkarpackie";23;65;65;"65,52";"1,36";"54,35";"45,65";"0,00";"98,64";"1,19";"8,24";"4,38";"61,12";"12,31";"10,44";"2,31";;;;;
180700;"krośnieński";"podkarpackie";22;109;109;"69,05";"1,62";"60,31";"39,69";"0,00";"98,38";"2,40";"13,33";"4,06";"56,67";"8,65";"14,55";;"0,34";;;;
180800;"leżajski";"podkarpackie";23;58;58;"68,12";"1,29";"55,29";"44,71";"0,00";"98,71";"0,80";"17,16";"2,27";"61,71";"8,37";"7,68";"2,01";;;;;
180900;"lubaczowski";"podkarpackie";22;66;66;"65,00";"2,23";"66,39";"33,61";"0,00";"97,77";"1,43";"15,81";"6,96";"55,53";"8,20";"11,44";;"0,63";;;;
181000;"łańcucki";"podkarpackie";23;57;57;"73,48";"1,13";"57,95";"42,05";"0,00";"98,87";"1,75";"12,02";"3,85";"55,96";"9,95";"13,49";"2,98";;;;;
181100;"mielecki";"podkarpackie";23;123;123;"70,67";"1,34";"54,29";"45,71";"0,00";"98,66";"1,49";"13,00";"4,52";"53,38";"8,51";"17,05";"2,06";;;;;
181200;"niżański";"podkarpackie";23;83;83;"64,30";"1,47";"57,14";"42,86";"0,00";"98,53";"1,03";"9,42";"4,02";"61,17";"9,84";"12,82";"1,70";;;;;
181300;"przemyski";"podkarpackie";22;106;106;"66,04";"2,53";"66,67";"33,33";"0,00";"97,47";"2,46";"12,83";"3,39";"57,27";"9,39";"13,90";;"0,76";;;;
181400;"przeworski";"podkarpackie";22;82;82;"68,78";"1,97";"63,27";"36,73";"0,00";"98,03";"1,93";"12,85";"3,95";"59,98";"8,91";"11,66";;"0,73";;;;
181500;"ropczycko-sędziszowski";"podkarpackie";23;69;69;"71,46";"1,49";"57,26";"42,74";"0,00";"98,51";"1,25";"11,41";"3,49";"61,33";"10,34";"9,91";"2,26";;;;;
181600;"rzeszowski";"podkarpackie";23;124;124;"74,21";"1,33";"55,78";"44,22";"0,00";"98,67";"1,95";"12,14";"4,15";"54,41";"10,07";"14,32";"2,96";;;;;
181700;"sanocki";"podkarpackie";22;82;82;"66,13";"1,69";"61,66";"38,34";"0,00";"98,31";"1,97";"16,12";"5,19";"50,68";"8,13";"17,50";;"0,41";;;;
181800;"stalowowolski";"podkarpackie";23;93;93;"67,42";"1,38";"57,61";"42,39";"0,00";"98,62";"1,38";"9,96";"4,95";"53,16";"8,86";"20,12";"1,56";;;;;
181900;"strzyżowski";"podkarpackie";23;65;65;"68,35";"1,48";"50,84";"49,16";"0,00";"98,52";"1,63";"10,55";"4,12";"57,85";"10,22";"11,50";"4,14";;;;;
182000;"tarnobrzeski";"podkarpackie";23;51;51;"66,17";"1,85";"59,88";"40,12";"0,00";"98,15";"1,30";"16,35";"3,89";"54,70";"8,26";"13,63";"1,87";;;;;
182100;"leski";"podkarpackie";22;31;31;"70,54";"1,97";"57,40";"42,60";"0,00";"98,03";"1,71";"20,24";"4,57";"44,36";"8,21";"20,47";;"0,44";;;;
186100;"Krosno";"podkarpackie";22;28;28;"72,15";"0,94";"53,42";"46,58";"0,00";"99,06";"2,06";"14,03";"6,41";"40,78";"8,10";"28,18";;"0,43";;;;
186200;"Przemyśl";"podkarpackie";22;39;39;"68,35";"1,36";"59,75";"40,25";"0,00";"98,64";"1,82";"11,62";"6,13";"41,11";"8,36";"30,35";;"0,61";;;;
186300;"Rzeszów";"podkarpackie";23;102;102;"78,57";"0,78";"50,00";"50,00";"0,00";"99,22";"2,02";"14,45";"8,44";"32,49";"9,75";"30,49";"2,35";;;;;
186400;"Tarnobrzeg";"podkarpackie";23;34;34;"71,57";"1,05";"64,57";"35,43";"0,00";"98,95";"1,11";"12,97";"5,92";"38,49";"7,13";"33,07";"1,31";;;;;
200100;"augustowski";"podlaskie";24;54;54;"66,80";"2,00";"54,33";"37,20";"8,48";"98,00";"1,40";"17,48";"6,57";"46,57";"9,17";"16,67";"1,71";"0,44";;;;
200200;"białostocki";"podlaskie";24;146;146;"73,71";"1,52";"47,35";"41,23";"11,42";"98,48";"1,22";"19,22";"4,19";"41,13";"10,34";"21,78";"1,74";"0,38";;;;
200300;"bielski";"podlaskie";24;56;56;"67,83";"2,02";"56,77";"33,22";"10,02";"97,98";"0,84";"18,21";"5,14";"42,20";"9,75";"22,11";"1,16";"0,59";;;;
200400;"grajewski";"podlaskie";24;46;46;"63,41";"2,58";"52,36";"39,23";"8,41";"97,42";"1,04";"16,59";"3,67";"52,32";"9,40";"14,49";"2,10";"0,38";;;;
200500;"hajnowski";"podlaskie";24;49;49;"66,06";"2,27";"58,28";"33,92";"7,80";"97,73";"1,04";"24,19";"7,97";"26,02";"9,81";"28,66";"1,06";"1,24";;;;
200600;"kolneński";"podlaskie";24;48;48;"63,06";"2,01";"54,22";"35,69";"10,08";"97,99";"1,08";"15,11";"2,85";"58,31";"9,40";"10,07";"2,53";"0,66";;;;
200700;"łomżyński";"podlaskie";24;61;61;"66,78";"1,95";"48,33";"43,42";"8,25";"98,05";"1,05";"13,22";"2,24";"58,95";"10,37";"11,19";"2,35";"0,64";;;;
200800;"moniecki";"podlaskie";24;43;43;"61,60";"2,16";"59,70";"36,57";"3,73";"97,84";"1,12";"17,32";"3,02";"52,61";"11,33";"12,81";"1,50";"0,29";;;;
200900;"sejneński";"podlaskie";24;22;22;"64,03";"2,36";"49,57";"40,87";"9,57";"97,64";"1,54";"21,63";"5,55";"40,90";"8,14";"19,51";"1,24";"1,49";;;;
201000;"siemiatycki";"podlaskie";24;54;54;"63,67";"2,07";"50,79";"41,95";"7,26";"97,93";"1,01";"17,33";"4,35";"45,85";"9,90";"19,12";"1,59";"0,85";;;;
201100;"sokólski";"podlaskie";24;73;73;"64,79";"2,13";"51,52";"39,39";"9,09";"97,87";"1,11";"17,18";"3,57";"50,41";"9,91";"15,90";"1,54";"0,38";;;;
201200;"suwalski";"podlaskie";24;42;42;"68,05";"2,51";"54,43";"34,99";"10,58";"97,49";"1,49";"18,35";"4,38";"47,45";"11,23";"14,49";"1,92";"0,70";;;;
201300;"wysokomazowiecki";"podlaskie";24;68;68;"70,77";"1,55";"43,92";"46,06";"10,02";"98,45";"1,01";"14,01";"2,10";"61,54";"10,33";"9,00";"1,80";"0,22";;;;
201400;"zambrowski";"podlaskie";24;49;49;"67,37";"1,81";"45,16";"46,40";"8,44";"98,19";"0,97";"18,63";"2,92";"52,38";"9,56";"13,48";"1,77";"0,27";;;;
206100;"Białystok";"podlaskie";24;185;185;"77,64";"1,05";"47,24";"41,49";"11,27";"98,95";"1,14";"22,35";"6,61";"31,30";"9,67";"27,11";"1,45";"0,37";;;;
206200;"Łomża";"podlaskie";24;32;32;"70,84";"1,20";"46,52";"44,39";"9,09";"98,80";"0,99";"15,19";"3,54";"44,40";"8,45";"25,46";"1,72";"0,25";;;;
206300;"Suwałki";"podlaskie";24;38;38;"69,85";"1,48";"45,26";"44,29";"10,44";"98,52";"1,78";"17,44";"5,22";"37,32";"9,14";"26,91";"1,62";"0,58";;;;
220100;"bytowski";"pomorskie";26;102;102;"67,54";"2,08";"58,91";"41,09";"0,00";"97,92";"1,68";"12,03";"7,45";"37,17";"7,69";"32,00";"1,99";;;;;
220200;"chojnicki";"pomorskie";26;85;85;"71,39";"1,86";"54,81";"45,19";"0,00";"98,14";"1,82";"13,72";"7,47";"37,42";"8,15";"29,40";"2,02";;;;;
220300;"człuchowski";"pomorskie";26;74;74;"65,89";"2,57";"59,77";"40,23";"0,00";"97,43";"2,06";"13,21";"8,84";"31,83";"7,17";"35,31";"1,57";;;;;
220400;"gdański";"pomorskie";25;73;73;"77,61";"1,74";"50,12";"36,53";"13,34";"98,26";"1,60";"16,90";"7,27";"22,39";"7,21";"43,11";"1,51";;;;;
220500;"kartuski";"pomorskie";26;108;108;"78,19";"1,56";"52,56";"47,44";"0,00";"98,44";"1,65";"14,08";"6,10";"33,37";"8,65";"31,47";"4,68";;;;;
220600;"kościerski";"pomorskie";26;62;62;"73,96";"2,01";"50,50";"49,50";"0,00";"97,99";"1,66";"14,57";"6,10";"38,04";"7,53";"29,60";"2,51";;;;;
220700;"kwidzyński";"pomorskie";25;77;77;"66,52";"2,80";"57,03";"32,88";"10,09";"97,20";"2,07";"13,13";"10,89";"32,60";"7,23";"32,64";"1,45";;;;;
220800;"lęborski";"pomorskie";26;56;56;"71,60";"1,72";"54,84";"45,16";"0,00";"98,28";"1,55";"13,10";"8,38";"29,61";"7,36";"38,18";"1,82";;;;;
220900;"malborski";"pomorskie";25;44;44;"68,86";"2,23";"58,38";"32,39";"9,23";"97,77";"1,90";"15,80";"8,96";"28,27";"6,61";"37,46";"1,00";;;;;
221000;"nowodworski";"pomorskie";25;39;39;"68,80";"2,57";"51,45";"38,64";"9,92";"97,43";"1,97";"13,94";"7,02";"29,12";"6,35";"40,50";"1,09";;;;;
221100;"pucki";"pomorskie";26;77;77;"76,56";"1,52";"52,39";"47,61";"0,00";"98,48";"1,84";"15,19";"7,28";"28,75";"7,29";"37,78";"1,87";;;;;
221200;"słupski";"pomorskie";26;124;124;"67,43";"2,15";"58,77";"41,23";"0,00";"97,85";"1,63";"13,01";"8,31";"31,15";"7,20";"37,12";"1,59";;;;;
221300;"starogardzki";"pomorskie";25;110;110;"69,99";"2,59";"59,74";"29,72";"10,54";"97,41";"1,62";"14,33";"6,66";"38,42";"7,13";"29,60";"2,25";;;;;
221400;"tczewski";"pomorskie";25;100;100;"70,58";"2,34";"61,94";"28,07";"9,99";"97,66";"1,73";"16,36";"7,32";"32,33";"7,16";"33,46";"1,64";;;;;
221500;"wejherowski";"pomorskie";26;128;128;"76,61";"1,30";"51,30";"48,70";"0,00";"98,70";"1,73";"14,00";"7,42";"28,03";"8,09";"38,52";"2,19";;;;;
221600;"sztumski";"pomorskie";25;43;43;"61,94";"3,93";"67,79";"26,55";"5,66";"96,07";"1,97";"14,19";"7,61";"33,98";"5,72";"35,40";"1,14";;;;;
226100;"Gdańsk";"pomorskie";25;202;202;"81,50";"0,95";"45,24";"38,04";"16,72";"99,05";"1,15";"14,47";"10,97";"20,01";"5,65";"46,67";"1,08";;;;;
226200;"Gdynia";"pomorskie";26;118;118;"81,01";"0,80";"51,98";"48,02";"0,00";"99,20";"1,39";"13,66";"11,25";"20,26";"5,52";"46,74";"1,17";;;;;
226300;"Słupsk";"pomorskie";26;47;47;"73,41";"1,11";"46,81";"53,19";"0,00";"98,89";"1,29";"11,07";"9,75";"27,94";"5,79";"42,82";"1,36";;;;;
226400;"Sopot";"pomorskie";25;23;23;"81,18";"0,81";"46,99";"40,98";"12,02";"99,19";"0,94";"10,02";"9,72";"20,46";"4,23";"53,72";"0,92";;;;;
240100;"będziński";"śląskie";32;100;100;"76,17";"1,26";"60,53";"39,47";"0,00";"98,74";"1,68";"9,90";"21,58";"27,10";"5,56";"32,70";"1,48";;;;;
240200;"bielski";"śląskie";27;95;95;"78,81";"1,15";"51,05";"48,95";"0,00";"98,85";"1,57";"15,85";"7,56";"35,00";"8,23";"28,93";"2,58";;"0,28";;;
240300;"cieszyński";"śląskie";27;127;127;"74,62";"1,39";"55,36";"44,64";"0,00";"98,61";"2,18";"16,31";"9,16";"32,95";"7,82";"28,93";"2,34";;"0,31";;;
240400;"częstochowski";"śląskie";28;143;143;"74,50";"2,37";"57,92";"31,73";"10,34";"97,63";"2,52";"15,42";"8,56";"40,71";"6,72";"24,62";"1,44";;;;;
240500;"gliwicki";"śląskie";29;87;87;"71,54";"1,66";"63,17";"36,83";"0,00";"98,34";"2,11";"14,79";"7,53";"32,91";"7,40";"31,71";"3,56";;;;;
240600;"kłobucki";"śląskie";28;72;72;"73,36";"2,27";"59,78";"29,98";"10,24";"97,73";"1,75";"24,46";"7,07";"38,80";"6,59";"19,37";"1,95";;;;;
240700;"lubliniecki";"śląskie";28;71;71;"68,68";"2,55";"51,48";"37,99";"10,53";"97,45";"2,32";"14,00";"4,91";"38,06";"7,90";"29,77";"3,03";;;;;
240800;"mikołowski";"śląskie";30;65;65;"77,91";"1,40";"49,32";"38,81";"11,87";"98,60";"1,75";"15,42";"6,24";"31,42";"8,08";"34,81";"2,28";;;;;
240900;"myszkowski";"śląskie";28;61;61;"73,06";"2,11";"56,10";"35,05";"8,85";"97,89";"1,72";"12,12";"9,39";"40,08";"6,87";"28,09";"1,72";;;;;
241000;"pszczyński";"śląskie";27;74;74;"77,87";"1,28";"53,47";"46,53";"0,00";"98,72";"1,95";"12,39";"6,67";"41,47";"8,16";"26,10";"2,95";;"0,31";;;
241100;"raciborski";"śląskie";30;85;85;"64,37";"2,29";"64,62";"29,08";"6,30";"97,71";"1,92";"13,36";"6,59";"36,81";"7,50";"31,32";"2,50";;;;;
241200;"rybnicki";"śląskie";30;48;48;"73,72";"1,97";"49,29";"38,36";"12,35";"98,03";"2,36";"12,73";"6,33";"43,01";"8,60";"24,27";"2,70";;;;;
241300;"tarnogórski";"śląskie";29;93;93;"73,91";"1,24";"54,78";"45,22";"0,00";"98,76";"1,72";"14,71";"7,69";"32,59";"6,73";"33,65";"2,90";;;;;
241400;"bieruńsko-lędziński";"śląskie";31;42;42;"76,37";"1,42";"51,85";"48,15";"0,00";"98,58";"2,21";"12,89";"5,84";"43,81";"8,56";"23,87";"2,81";;;;;
241500;"wodzisławski";"śląskie";30;100;100;"72,78";"1,68";"49,89";"38,89";"11,21";"98,32";"2,49";"11,37";"5,86";"41,11";"8,13";"28,39";"2,65";;;;;
241600;"zawierciański";"śląskie";32;123;123;"73,84";"1,59";"62,16";"37,84";"0,00";"98,41";"1,51";"11,98";"12,67";"38,82";"7,06";"26,58";"1,38";;;;;
241700;"żywiecki";"śląskie";27;107;107;"74,67";"1,71";"55,64";"44,36";"0,00";"98,29";"1,67";"12,64";"5,94";"47,15";"7,83";"22,11";"2,37";;"0,30";;;
246100;"Bielsko-Biała";"śląskie";27;77;77;"78,53";"0,90";"53,25";"46,75";"0,00";"99,10";"1,31";"14,49";"8,85";"30,13";"7,26";"35,53";"2,22";;"0,21";;;
246200;"Bytom";"śląskie";29;81;81;"68,76";"1,58";"55,04";"44,96";"0,00";"98,42";"1,93";"12,35";"10,37";"31,20";"7,04";"35,03";"2,07";;;;;
246300;"Chorzów";"śląskie";31;63;63;"72,58";"1,43";"53,24";"46,76";"0,00";"98,57";"1,93";"12,30";"8,97";"27,26";"6,77";"40,75";"2,02";;;;;
246400;"Częstochowa";"śląskie";28;136;136;"76,90";"1,25";"43,44";"38,29";"18,26";"98,75";"2,00";"11,57";"12,35";"30,90";"5,91";"35,84";"1,44";;;;;
246500;"Dąbrowa Górnicza";"śląskie";32;67;67;"76,50";"1,03";"52,87";"47,13";"0,00";"98,97";"1,33";"8,89";"26,58";"27,66";"5,10";"29,13";"1,31";;;;;
246600;"Gliwice";"śląskie";29;119;119;"77,20";"1,22";"50,99";"49,01";"0,00";"98,78";"1,69";"12,72";"9,89";"25,98";"6,60";"41,18";"1,93";;;;;
246700;"Jastrzębie-Zdrój";"śląskie";30;38;38;"72,07";"1,82";"50,30";"41,03";"8,66";"98,18";"2,51";"9,75";"8,40";"42,75";"7,63";"26,76";"2,19";;;;;
246800;"Jaworzno";"śląskie";32;48;48;"75,22";"1,30";"54,86";"45,14";"0,00";"98,70";"1,71";"9,96";"16,21";"31,05";"6,68";"32,71";"1,67";;;;;
246900;"Katowice";"śląskie";31;168;168;"78,73";"1,03";"51,70";"48,30";"0,00";"98,97";"1,68";"12,75";"10,14";"26,06";"6,14";"41,58";"1,65";;;;;
247000;"Mysłowice";"śląskie";31;40;40;"75,73";"1,24";"56,77";"43,23";"0,00";"98,76";"1,88";"12,53";"8,95";"34,62";"7,38";"32,99";"1,65";;;;;
247100;"Piekary Śląskie";"śląskie";31;32;32;"73,58";"1,64";"58,42";"41,58";"0,00";"98,36";"1,54";"9,07";"5,61";"37,04";"5,95";"38,92";"1,87";;;;;
247200;"Ruda Śląska";"śląskie";31;79;79;"72,62";"1,35";"50,05";"49,95";"0,00";"98,65";"1,92";"14,97";"6,96";"35,52";"6,86";"31,88";"1,89";;;;;
247300;"Rybnik";"śląskie";30;72;72;"74,18";"1,47";"43,60";"38,78";"17,63";"98,53";"2,51";"12,44";"7,82";"36,24";"7,88";"30,78";"2,33";;;;;
247400;"Siemianowice Śląskie";"śląskie";31;41;41;"74,84";"1,41";"51,78";"48,22";"0,00";"98,59";"1,44";"12,45";"8,76";"27,19";"6,07";"38,66";"5,43";;;;;
247500;"Sosnowiec";"śląskie";32;107;107;"75,89";"1,05";"55,65";"44,35";"0,00";"98,95";"1,21";"9,06";"26,37";"27,01";"4,89";"30,30";"1,17";;;;;
247600;"Świętochłowice";"śląskie";31;27;27;"69,35";"1,76";"60,95";"39,05";"0,00";"98,24";"2,11";"12,15";"7,91";"32,19";"7,12";"36,67";"1,85";;;;;
247700;"Tychy";"śląskie";31;67;67;"78,63";"1,13";"46,05";"53,95";"0,00";"98,87";"1,84";"16,61";"7,69";"31,14";"7,01";"33,82";"1,89";;;;;
247800;"Zabrze";"śląskie";29;88;88;"65,44";"1,73";"54,07";"45,93";"0,00";"98,27";"2,18";"12,54";"10,08";"29,87";"7,20";"36,36";"1,77";;;;;
247900;"Żory";"śląskie";30;25;25;"75,10";"1,56";"47,17";"39,06";"13,77";"98,44";"2,15";"12,02";"7,13";"35,16";"8,29";"33,38";"1,87";;;;;
260100;"buski";"świętokrzyskie";33;93;93;"70,06";"2,22";"51,33";"41,33";"7,33";"97,78";"3,16";"15,84";"6,07";"50,49";"5,70";"16,83";"1,45";"0,29";"0,18";;;
260200;"jędrzejowski";"świętokrzyskie";33;96;96;"70,28";"2,21";"56,35";"35,74";"7,91";"97,79";"2,35";"14,11";"5,49";"54,01";"6,51";"15,82";"1,18";"0,36";"0,15";;;
260300;"kazimierski";"świętokrzyskie";33;34;34;"63,70";"2,16";"50,41";"40,65";"8,94";"97,84";"1,55";"18,49";"4,95";"53,61";"6,13";"13,47";"0,88";"0,79";"0,13";;;
260400;"kielecki";"świętokrzyskie";33;233;233;"72,81";"2,13";"57,02";"35,92";"7,06";"97,87";"3,92";"12,27";"5,93";"51,20";"7,60";"16,70";"1,87";"0,28";"0,23";;;
260500;"konecki";"świętokrzyskie";33;85;85;"70,35";"2,24";"52,67";"40,33";"7,00";"97,76";"2,36";"11,63";"9,03";"51,37";"6,05";"17,70";"1,49";"0,21";"0,16";;;
260600;"opatowski";"świętokrzyskie";33;82;82;"66,76";"3,05";"52,02";"41,35";"6,63";"96,95";"2,10";"14,21";"5,36";"56,75";"7,24";"12,37";"1,25";"0,40";"0,32";;;
260700;"ostrowiecki";"świętokrzyskie";33;95;95;"67,85";"2,19";"49,33";"40,52";"10,15";"97,81";"2,17";"14,42";"7,96";"43,00";"6,07";"24,52";"1,07";"0,57";"0,22";;;
260800;"pińczowski";"świętokrzyskie";33;42;42;"67,41";"2,39";"50,80";"40,56";"8,63";"97,61";"2,94";"14,82";"6,07";"51,54";"6,24";"16,69";"1,16";"0,37";"0,17";;;
260900;"sandomierski";"świętokrzyskie";33;86;86;"67,66";"2,20";"59,39";"33,48";"7,13";"97,80";"1,37";"22,06";"5,52";"47,07";"6,47";"15,88";"1,04";"0,37";"0,22";;;
261000;"skarżyski";"świętokrzyskie";33;63;63;"71,98";"1,78";"49,86";"38,80";"11,34";"98,22";"2,40";"10,63";"7,40";"40,14";"5,89";"31,57";"1,36";"0,36";"0,25";;;
261100;"starachowicki";"świętokrzyskie";33;69;69;"69,82";"1,96";"50,82";"41,97";"7,21";"98,04";"2,44";"12,61";"6,44";"46,30";"7,01";"23,30";"1,16";"0,50";"0,24";;;
261200;"staszowski";"świętokrzyskie";33;88;88;"68,75";"2,35";"53,82";"38,31";"7,87";"97,65";"2,87";"12,45";"5,09";"56,10";"7,30";"14,31";"1,35";"0,31";"0,23";;;
261300;"włoszczowski";"świętokrzyskie";33;41;41;"70,55";"2,09";"53,08";"42,69";"4,23";"97,91";"1,88";"15,48";"5,47";"57,04";"6,51";"11,89";"0,98";"0,53";"0,20";;;
266100;"Kielce";"świętokrzyskie";33;95;95;"78,11";"1,07";"43,69";"46,35";"9,97";"98,93";"3,90";"12,90";"9,29";"32,56";"6,00";"33,50";"1,48";"0,21";"0,16";;;
280100;"bartoszycki";"warmińsko-mazurskie";34;54;54;"63,28";"3,41";"61,99";"29,24";"8,76";"96,59";"1,38";"12,33";"6,81";"36,46";"5,89";"35,54";"1,27";;"0,31";;;
280200;"braniewski";"warmińsko-mazurskie";34;40;40;"63,56";"3,31";"65,11";"26,33";"8,56";"96,69";"1,36";"15,70";"7,60";"36,00";"6,66";"30,85";"1,48";;"0,35";;;
280300;"działdowski";"warmińsko-mazurskie";34;78;78;"67,29";"3,24";"64,02";"30,14";"5,84";"96,76";"1,70";"14,60";"7,99";"43,53";"6,89";"23,96";"1,01";;"0,31";;;
280400;"elbląski";"warmińsko-mazurskie";34;59;59;"64,48";"3,13";"61,33";"31,89";"6,78";"96,87";"1,57";"15,02";"7,51";"35,19";"6,49";"32,66";"1,17";;"0,40";;;
280500;"ełcki";"warmińsko-mazurskie";35;58;58;"63,28";"2,39";"58,55";"32,12";"9,33";"97,61";"1,88";"14,28";"6,52";"36,82";"8,37";"30,30";"1,83";;;;;
280600;"giżycki";"warmińsko-mazurskie";35;54;54;"67,98";"2,84";"58,88";"33,12";"8,00";"97,16";"2,72";"16,35";"6,80";"31,23";"6,51";"35,07";"1,31";;;;;
280700;"iławski";"warmińsko-mazurskie";34;71;71;"68,91";"2,81";"61,97";"32,18";"5,85";"97,19";"1,52";"18,31";"6,95";"36,54";"7,59";"27,72";"1,06";;"0,29";;;
280800;"kętrzyński";"warmińsko-mazurskie";35;60;60;"61,99";"3,20";"63,24";"27,60";"9,16";"96,80";"1,95";"14,07";"8,46";"35,20";"6,50";"32,51";"1,31";;;;;
280900;"lidzbarski";"warmińsko-mazurskie";34;41;41;"64,27";"3,21";"66,61";"25,04";"8,35";"96,79";"1,94";"13,48";"6,96";"34,40";"6,77";"35,00";"1,13";;"0,33";;;
281000;"mrągowski";"warmińsko-mazurskie";35;49;49;"67,00";"2,76";"57,99";"32,25";"9,76";"97,24";"2,19";"17,06";"5,74";"32,16";"6,76";"33,96";"2,13";;;;;
281100;"nidzicki";"warmińsko-mazurskie";35;37;37;"65,16";"3,68";"60,94";"32,64";"6,42";"96,32";"1,99";"13,10";"6,71";"43,44";"7,25";"26,04";"1,48";;;;;
281200;"nowomiejski";"warmińsko-mazurskie";34;58;58;"68,19";"2,91";"60,82";"33,39";"5,80";"97,09";"1,41";"23,62";"5,02";"42,98";"8,06";"17,45";"1,15";;"0,30";;;
281300;"olecki";"warmińsko-mazurskie";35;34;34;"61,39";"2,97";"57,44";"33,18";"9,38";"97,03";"2,13";"15,25";"5,06";"38,51";"7,93";"29,37";"1,75";;;;;
281400;"olsztyński";"warmińsko-mazurskie";35;153;153;"68,96";"2,90";"58,30";"31,19";"10,52";"97,10";"1,87";"18,03";"8,47";"28,68";"7,23";"34,29";"1,45";;;;;
281500;"ostródzki";"warmińsko-mazurskie";34;100;100;"66,80";"3,19";"62,03";"32,37";"5,60";"96,81";"1,41";"15,45";"9,01";"32,32";"6,57";"33,91";"1,04";;"0,30";;;
281600;"piski";"warmińsko-mazurskie";35;46;46;"63,13";"2,88";"59,97";"34,23";"5,80";"97,12";"2,61";"14,46";"4,76";"45,12";"6,70";"25,08";"1,27";;;;;
281700;"szczycieński";"warmińsko-mazurskie";35;84;84;"66,48";"3,52";"61,70";"30,93";"7,37";"96,48";"1,64";"19,15";"7,50";"37,40";"6,94";"25,79";"1,58";;;;;
281800;"gołdapski";"warmińsko-mazurskie";35;25;25;"61,96";"3,25";"65,53";"28,16";"6,32";"96,75";"3,66";"15,83";"6,56";"36,10";"5,82";"30,88";"1,16";;;;;
281900;"węgorzewski";"warmińsko-mazurskie";35;29;29;"64,62";"3,40";"61,52";"30,08";"8,40";"96,60";"2,46";"17,86";"8,70";"34,52";"6,08";"29,03";"1,36";;;;;
286100;"Elbląg";"warmińsko-mazurskie";34;62;62;"73,62";"1,44";"50,05";"37,65";"12,29";"98,56";"1,15";"12,72";"10,63";"29,15";"5,25";"39,70";"1,05";;"0,35";;;
286200;"Olsztyn";"warmińsko-mazurskie";35;101;101;"77,89";"1,30";"40,09";"46,80";"13,10";"98,70";"1,52";"15,64";"11,12";"24,20";"6,52";"39,65";"1,34";;;;;
300100;"chodzieski";"wielkopolskie";38;45;45;"73,88";"2,95";"63,53";"26,27";"10,20";"97,05";"4,22";"18,08";"8,39";"25,69";"6,26";"35,98";"1,37";;;;;
300200;"czarnkowsko-trzcianecki";"wielkopolskie";38;82;82;"71,07";"3,12";"60,68";"31,85";"7,47";"96,88";"1,49";"16,66";"7,27";"31,34";"6,67";"34,69";"1,87";;;;;
300300;"gnieźnieński";"wielkopolskie";37;127;127;"74,94";"2,28";"60,59";"31,97";"7,44";"97,72";"1,54";"18,49";"14,76";"30,86";"6,91";"25,74";"1,17";"0,53";;;;
300400;"gostyński";"wielkopolskie";36;90;90;"70,51";"3,00";"57,67";"31,42";"10,92";"97,00";"2,41";"15,68";"11,54";"39,04";"8,75";"20,61";"1,96";;;;;
300500;"grodziski";"wielkopolskie";38;32;32;"72,29";"2,85";"57,14";"33,71";"9,15";"97,15";"1,70";"18,61";"8,46";"33,23";"8,06";"27,85";"2,09";;;;;
300600;"jarociński";"wielkopolskie";36;63;63;"72,74";"2,58";"62,08";"27,84";"10,08";"97,42";"1,89";"15,86";"8,18";"39,96";"6,67";"26,19";"1,25";;;;;
300700;"kaliski";"wielkopolskie";36;97;97;"72,01";"2,55";"57,15";"33,53";"9,31";"97,45";"2,45";"16,67";"6,64";"47,58";"7,42";"17,59";"1,65";;;;;
300800;"kępiński";"wielkopolskie";36;54;54;"73,85";"2,57";"59,38";"33,70";"6,91";"97,43";"1,54";"14,22";"5,57";"36,48";"7,11";"33,41";"1,67";;;;;
300900;"kolski";"wielkopolskie";37;68;68;"69,84";"2,62";"55,02";"38,82";"6,16";"97,38";"2,06";"14,17";"6,47";"49,57";"7,53";"18,47";"1,23";"0,49";;;;
301000;"koniński";"wielkopolskie";37;111;111;"71,28";"2,82";"61,03";"33,55";"5,43";"97,18";"2,99";"14,47";"7,45";"48,43";"7,02";"17,96";"1,43";"0,26";;;;
301100;"kościański";"wielkopolskie";36;80;80;"75,58";"2,98";"54,52";"36,52";"8,97";"97,02";"2,06";"19,24";"8,73";"31,13";"6,38";"30,61";"1,84";;;;;
301200;"krotoszyński";"wielkopolskie";36;70;70;"71,91";"2,62";"54,96";"32,81";"12,23";"97,38";"2,30";"17,01";"8,00";"39,06";"7,15";"25,00";"1,49";;;;;
301300;"leszczyński";"wielkopolskie";36;50;50;"74,45";"3,28";"58,74";"36,23";"5,03";"96,72";"3,19";"18,56";"8,84";"31,86";"8,19";"27,72";"1,63";;;;;
301400;"międzychodzki";"wielkopolskie";38;27;27;"71,23";"2,85";"61,46";"28,42";"10,12";"97,15";"1,67";"15,97";"11,25";"27,78";"6,15";"35,76";"1,43";;;;;
301500;"nowotomyski";"wielkopolskie";38;56;56;"75,11";"2,36";"60,46";"30,28";"9,26";"97,64";"1,58";"15,22";"6,29";"27,03";"6,63";"41,57";"1,68";;;;;
301600;"obornicki";"wielkopolskie";38;66;66;"75,19";"2,97";"67,82";"26,56";"5,62";"97,03";"1,81";"23,99";"8,32";"26,83";"6,55";"30,68";"1,83";;;;;
301700;"ostrowski";"wielkopolskie";36;147;147;"74,51";"2,23";"56,98";"33,86";"9,16";"97,77";"1,81";"13,96";"9,01";"36,29";"6,83";"30,62";"1,47";;;;;
301800;"ostrzeszowski";"wielkopolskie";36;68;68;"72,35";"2,73";"61,25";"32,01";"6,74";"97,27";"1,89";"19,50";"7,06";"38,82";"7,35";"23,86";"1,52";;;;;
301900;"pilski";"wielkopolskie";38;118;118;"72,96";"2,31";"60,23";"29,42";"10,35";"97,69";"1,84";"16,21";"7,72";"29,51";"7,11";"36,01";"1,60";;;;;
302000;"pleszewski";"wielkopolskie";36;72;72;"71,76";"2,96";"61,64";"30,28";"8,09";"97,04";"1,88";"18,02";"6,84";"40,13";"6,76";"24,80";"1,57";;;;;
302100;"poznański";"wielkopolskie";39;244;244;"83,69";"1,24";"59,34";"40,66";"0,00";"98,76";"1,88";"17,59";"9,96";"20,80";"6,22";"43,55";;;;;;
302200;"rawicki";"wielkopolskie";36;63;63;"72,93";"3,31";"58,29";"31,51";"10,20";"96,69";"2,33";"17,82";"9,35";"34,21";"7,63";"27,02";"1,64";;;;;
302300;"słupecki";"wielkopolskie";37;61;61;"71,19";"3,26";"65,71";"29,62";"4,67";"96,74";"5,40";"22,40";"6,93";"39,02";"6,32";"18,02";"1,61";"0,29";;;;
302400;"szamotulski";"wielkopolskie";38;62;62;"76,37";"2,72";"61,02";"31,43";"7,55";"97,28";"1,68";"16,03";"7,36";"26,91";"6,22";"39,85";"1,94";;;;;
302500;"średzki";"wielkopolskie";37;54;54;"75,74";"2,47";"55,67";"37,08";"7,25";"97,53";"1,88";"18,79";"9,23";"30,78";"8,14";"28,96";"1,62";"0,61";;;;
302600;"śremski";"wielkopolskie";37;47;47;"73,97";"2,58";"58,05";"31,86";"10,09";"97,42";"1,96";"18,52";"9,30";"30,88";"7,53";"28,85";"1,87";"1,08";;;;
302700;"turecki";"wielkopolskie";37;66;66;"72,53";"2,18";"52,06";"38,11";"9,83";"97,82";"2,56";"15,03";"7,69";"47,10";"6,81";"19,03";"1,43";"0,35";;;;
302800;"wągrowiecki";"wielkopolskie";38;77;77;"72,79";"3,04";"62,81";"27,37";"9,82";"96,96";"1,44";"21,19";"9,53";"30,46";"6,59";"29,18";"1,62";;;;;
302900;"wolsztyński";"wielkopolskie";38;47;47;"74,92";"3,05";"55,58";"35,90";"8,52";"96,95";"1,97";"20,34";"6,84";"30,17";"8,31";"30,58";"1,79";;;;;
303000;"wrzesiński";"wielkopolskie";37;69;69;"75,50";"2,20";"60,16";"29,72";"10,11";"97,80";"1,74";"15,80";"9,06";"32,96";"7,01";"31,30";"1,32";"0,81";;;;
303100;"złotowski";"wielkopolskie";38;71;71;"67,59";"3,15";"64,14";"26,80";"9,06";"96,85";"2,47";"15,10";"7,19";"31,11";"7,06";"35,26";"1,82";;;;;
306100;"Kalisz";"wielkopolskie";36;56;56;"76,51";"1,53";"59,62";"33,37";"7,01";"98,47";"4,07";"13,47";"8,18";"28,96";"5,63";"38,57";"1,12";;;;;
306200;"Konin";"wielkopolskie";37;47;47;"75,16";"1,37";"54,11";"37,48";"8,41";"98,63";"1,95";"14,19";"10,66";"35,09";"5,51";"31,14";"1,07";"0,39";;;;
306300;"Leszno";"wielkopolskie";36;34;34;"77,83";"1,47";"56,15";"34,42";"9,42";"98,53";"3,09";"14,57";"12,00";"22,70";"5,86";"40,66";"1,11";;;;;
306400;"Poznań";"wielkopolskie";39;260;260;"82,92";"0,84";"51,47";"48,53";"0,00";"99,16";"1,37";"15,73";"14,11";"18,63";"5,66";"44,50";;;;;;
320100;"białogardzki";"zachodniopomorskie";40;36;36;"65,06";"3,00";"64,30";"35,70";"0,00";"97,00";"1,53";"10,51";"8,17";"33,06";"6,28";"39,42";"1,03";;;;;
320200;"choszczeński";"zachodniopomorskie";40;63;63;"65,25";"3,56";"68,77";"31,23";"0,00";"96,44";"1,70";"11,59";"9,29";"35,47";"6,05";"34,25";"1,65";;;;;
320300;"drawski";"zachodniopomorskie";40;63;63;"65,50";"2,84";"66,19";"33,81";"0,00";"97,16";"1,52";"14,80";"9,30";"32,46";"6,83";"33,81";"1,28";;;;;
320400;"goleniowski";"zachodniopomorskie";41;73;73;"70,48";"2,64";"62,37";"37,63";"0,00";"97,36";"1,69";"14,48";"8,49";"30,16";"6,56";"37,30";"0,98";"0,34";;;;
320500;"gryficki";"zachodniopomorskie";41;59;59;"67,33";"2,87";"64,87";"35,13";"0,00";"97,13";"1,42";"15,45";"8,90";"33,03";"5,37";"34,39";"0,87";"0,57";;;;
320600;"gryfiński";"zachodniopomorskie";41;83;83;"68,33";"2,74";"63,18";"36,82";"0,00";"97,26";"1,66";"11,31";"8,11";"35,61";"6,16";"35,40";"1,27";"0,49";;;;
320700;"kamieński";"zachodniopomorskie";41;50;50;"68,40";"2,73";"68,34";"31,66";"0,00";"97,27";"1,43";"12,76";"8,63";"30,51";"5,60";"39,55";"1,03";"0,50";;;;
320800;"kołobrzeski";"zachodniopomorskie";40;63;63;"74,31";"1,90";"61,43";"38,57";"0,00";"98,10";"1,18";"11,39";"8,46";"30,08";"4,93";"42,42";"1,55";;;;;
320900;"koszaliński";"zachodniopomorskie";40;75;75;"69,65";"3,01";"67,27";"32,73";"0,00";"96,99";"2,14";"15,39";"7,26";"30,64";"6,86";"36,33";"1,38";;;;;
321000;"myśliborski";"zachodniopomorskie";41;70;70;"66,86";"2,71";"68,26";"31,74";"0,00";"97,29";"1,69";"10,75";"11,16";"31,91";"5,92";"36,59";"1,25";"0,73";;;;
321100;"policki";"zachodniopomorskie";41;51;51;"78,41";"1,38";"56,25";"43,75";"0,00";"98,62";"1,57";"13,49";"8,92";"23,07";"6,10";"45,42";"1,05";"0,36";;;;
321200;"pyrzycki";"zachodniopomorskie";41;35;35;"67,39";"2,92";"63,46";"36,54";"0,00";"97,08";"2,15";"13,29";"7,76";"41,76";"6,06";"26,84";"1,50";"0,63";;;;
321300;"sławieński";"zachodniopomorskie";40;73;73;"68,12";"2,67";"68,30";"31,70";"0,00";"97,33";"2,45";"11,40";"7,79";"34,35";"6,52";"36,18";"1,30";;;;;
321400;"stargardzki";"zachodniopomorskie";41;104;104;"72,03";"2,03";"61,96";"38,04";"0,00";"97,97";"2,21";"12,91";"8,16";"31,72";"6,15";"37,24";"1,23";"0,37";;;;
321500;"szczecinecki";"zachodniopomorskie";40;70;70;"66,84";"2,60";"70,78";"29,22";"0,00";"97,40";"1,72";"10,83";"7,55";"35,49";"6,15";"37,13";"1,13";;;;;
321600;"świdwiński";"zachodniopomorskie";40;45;45;"65,04";"2,90";"63,78";"36,22";"0,00";"97,10";"1,44";"13,30";"13,01";"35,28";"5,89";"30,08";"1,01";;;;;
321700;"wałecki";"zachodniopomorskie";40;46;46;"69,05";"2,51";"71,19";"28,81";"0,00";"97,49";"1,44";"13,23";"9,43";"29,89";"5,88";"39,02";"1,10";;;;;
321800;"łobeski";"zachodniopomorskie";41;33;33;"63,12";"3,74";"65,80";"34,20";"0,00";"96,26";"1,63";"17,17";"7,72";"35,46";"5,66";"30,27";"0,77";"1,33";;;;
326100;"Koszalin";"zachodniopomorskie";40;55;55;"75,99";"1,35";"61,43";"38,57";"0,00";"98,65";"1,49";"11,87";"8,79";"25,40";"5,71";"45,76";"0,98";;;;;
326200;"Szczecin";"zachodniopomorskie";41;208;208;"77,88";"1,05";"49,98";"50,02";"0,00";"98,95";"1,47";"12,03";"9,78";"25,25";"5,89";"44,23";"1,12";"0,24";;;;
326300;"Świnoujście";"zachodniopomorskie";41;27;27;"74,74";"1,20";"58,66";"41,34";"0,00";"98,80";"1,26";"9,74";"15,16";"25,74";"5,30";"41,30";"1,17";"0,33";;;;
